branch,run,tick,witness,top_family,top_family_score,second_family,second_family_score,family_margin,families_in_top8
category_formation,baseline_then_novel,5,W4_0001,commitment,0.5145761370658875,readiness,0.5117794871330261,0.002796649932861328,3
category_formation,baseline_then_novel,44,W4_0002,familiarity,0.8368129730224609,,,,1
category_formation,baseline_then_novel,57,W1_0003,recognition,0.595582127571106,,,,1
category_formation,baseline_then_novel,66,W1_0004,recognition,0.4947931170463562,,,,1
category_formation,baseline_then_novel,119,W1_0005,familiarity,0.819831371307373,,,,1
category_formation,baseline_then_novel,162,W1_0006,recognition,0.8287955522537231,familiarity,0.8251962661743164,0.0035992860794067383,2
category_formation,baseline_then_novel,170,W7_0007,recognition,0.5514544248580933,,,,1
category_formation,baseline_then_novel,179,W1_0008,recognition,0.4792037010192871,,,,1
category_formation,baseline_then_novel,204,W2_0009,familiarity,0.6697698831558228,,,,1
category_formation,baseline_then_novel,214,W1_0010,familiarity,0.5895602107048035,recognition,0.5873879194259644,0.0021722912788391113,2
category_formation,baseline_then_novel,229,W4_0011,familiarity,0.5649967193603516,,,,1
category_formation,baseline_then_novel,263,W1_0012,familiarity,0.7853414416313171,,,,1
category_formation,baseline_then_novel,271,W1_0013,recognition,0.6504334211349487,,,,1
category_formation,baseline_then_novel,279,W1_0014,readiness,0.5556795597076416,,,,1
category_formation,baseline_then_novel,290,W1_0015,commitment,0.5007383823394775,,,,1
category_formation,baseline_then_novel,301,W1_0016,familiarity,0.6066211462020874,,,,1
category_formation,baseline_then_novel,323,W1_0017,familiarity,0.7971233129501343,,,,1
category_formation,baseline_then_novel,331,W1_0018,commitment,0.6725593209266663,,,,1
category_formation,baseline_then_novel,347,W1_0019,recognition,0.6428016424179077,,,,1
category_formation,baseline_then_novel,369,W1_0020,familiarity,0.6802886128425598,,,,1
category_formation,baseline_then_novel,386,W1_0021,recognition,0.6225991249084473,familiarity,0.6200865507125854,0.0025125741958618164,2
category_formation,baseline_then_novel,396,W1_0022,readiness,0.5262036323547363,,,,1
category_formation,baseline_then_novel,416,W0_0023,familiarity,0.748164176940918,,,,1
category_formation,baseline_then_novel,452,W1_0024,familiarity,0.7880419492721558,,,,1
category_formation,baseline_then_novel,460,W1_0025,commitment,0.8106399178504944,,,,1
category_formation,baseline_then_novel,468,W1_0026,readiness,0.5678586959838867,,,,1
category_formation,baseline_then_novel,478,W1_0027,recognition,0.5699831247329712,,,,1
category_formation,baseline_then_novel,502,W1_0028,recognition,0.7418497204780579,familiarity,0.7381020784378052,0.0037476420402526855,2
category_formation,baseline_then_novel,519,W1_0029,recognition,0.6048895120620728,,,,1
category_formation,baseline_then_novel,547,W1_0030,familiarity,0.7563173770904541,,,,1
category_formation,baseline_then_novel,555,W1_0031,recognition,0.618984043598175,,,,1
category_formation,baseline_then_novel,568,W1_0032,recognition,0.6496115922927856,,,,1
category_formation,baseline_then_novel,584,W1_0033,recognition,0.5304589867591858,,,,1
category_formation,baseline_then_novel,592,W7_0034,familiarity,0.6543920040130615,recognition,0.6456815600395203,0.00871044397354126,2
category_formation,baseline_then_novel,600,W1_0035,recognition,0.6057782173156738,,,,1
category_formation,baseline_then_novel,613,W2_0036,recognition,0.4893876314163208,,,,1
category_formation,baseline_then_novel,685,W1_0037,familiarity,0.878709077835083,,,,1
category_formation,baseline_then_novel,693,W1_0038,readiness,0.5359825491905212,,,,1
category_formation,baseline_then_novel,702,W7_0039,readiness,0.4915278553962707,,,,1
category_formation,baseline_then_novel,735,W1_0040,familiarity,0.7325971722602844,,,,1
category_formation,baseline_then_novel,771,W1_0041,familiarity,0.8143719434738159,,,,1
category_formation,baseline_then_novel,782,W1_0042,recognition,0.564665675163269,,,,1
category_formation,baseline_then_novel,790,W1_0043,readiness,0.6161460280418396,,,,1
category_formation,baseline_then_novel,837,W1_0044,familiarity,0.7809766530990601,,,,1
category_formation,baseline_then_novel,846,W1_0045,recognition,0.5300472974777222,,,,1
category_formation,baseline_then_novel,856,W1_0046,recognition,0.638830840587616,,,,1
category_formation,baseline_then_novel,871,W3_0047,familiarity,0.5449625253677368,,,,1
category_formation,baseline_then_novel,881,W4_0048,recognition,0.6136648058891296,,,,1
category_formation,baseline_then_novel,889,W1_0049,readiness,0.5728967785835266,,,,1
category_formation,baseline_then_novel,898,W4_0050,recognition,0.7403864860534668,,,,1
category_formation,baseline_then_novel,906,W1_0051,recognition,0.5995902419090271,familiarity,0.594962477684021,0.0046277642250061035,2
category_formation,baseline_then_novel,934,W1_0052,familiarity,0.7923766374588013,,,,1
category_formation,baseline_then_novel,944,W1_0053,readiness,0.6302042007446289,,,,1
category_formation,baseline_then_novel,961,W1_0054,recognition,0.6847940683364868,,,,1
category_formation,baseline_then_novel,974,W1_0055,familiarity,0.5892185568809509,recognition,0.5888437628746033,0.00037479400634765625,2
category_formation,baseline_then_novel,990,W4_0056,recognition,0.6690057516098022,,,,1
category_formation,baseline_then_novel,1000,W1_0057,commitment,0.6070572733879089,,,,1
category_formation,baseline_then_novel,1008,W1_0058,novelty,0.5038721561431885,,,,1
category_formation,baseline_then_novel,1018,W2_0059,recognition,0.4799419343471527,,,,1
category_formation,baseline_then_novel,1029,W2_0060,restraint,0.4189596176147461,commitment,0.4175490140914917,0.0014106035232543945,2
category_formation,baseline_then_novel,1047,W5_0061,recognition,0.5427893400192261,,,,1
category_formation,baseline_then_novel,1058,W3_0062,novelty,0.4833970963954925,,,,1
category_formation,baseline_then_novel,1086,W4_0063,recognition,0.6764658689498901,familiarity,0.6724876165390015,0.003978252410888672,2
category_formation,baseline_then_novel,1096,W2_0064,novelty,0.5146642327308655,,,,1
category_formation,baseline_then_novel,1105,W4_0065,readiness,0.4969136714935303,,,,1
category_formation,baseline_then_novel,1135,W2_0066,recognition,0.5520285964012146,familiarity,0.5497188568115234,0.002309739589691162,2
category_formation,baseline_then_novel,1143,W4_0067,novelty,0.4936222732067108,,,,1
category_formation,baseline_then_novel,1220,W2_0068,familiarity,0.7312766313552856,,,,1
category_formation,baseline_then_novel,1235,W2_0069,recognition,0.4541846513748169,,,,1
category_formation,baseline_then_novel,1243,W4_0070,readiness,0.4779351353645324,,,,1
category_formation,baseline_then_novel,1268,W2_0071,recognition,0.5769506096839905,familiarity,0.5767507553100586,0.00019985437393188477,2
category_formation,baseline_then_novel,1295,W2_0072,familiarity,0.6664401292800903,,,,1
category_formation,baseline_then_novel,1312,W2_0073,recognition,0.5694517493247986,familiarity,0.5648647546768188,0.004586994647979736,2
category_formation,baseline_then_novel,1331,W2_0074,familiarity,0.6038958430290222,,,,1
category_formation,baseline_then_novel,1353,W2_0075,recognition,0.6167097091674805,,,,1
category_formation,baseline_then_novel,1367,W4_0076,novelty,0.4401886165142059,,,,1
category_formation,baseline_then_novel,1383,W2_0077,recognition,0.5054197311401367,,,,1
category_formation,baseline_then_novel,1399,W2_0078,readiness,0.4731265604496002,,,,1
category_formation,baseline_then_novel,1413,W4_0079,novelty,0.4645525217056274,,,,1
category_formation,baseline_then_novel,1421,W2_0080,readiness,0.582824170589447,,,,1
category_formation,baseline_then_novel,1433,W7_0081,recognition,0.5185229778289795,,,,1
category_formation,baseline_then_novel,1447,W2_0082,recognition,0.4520429372787475,,,,1
category_formation,baseline_then_novel,1455,W7_0083,recognition,0.4406026601791382,,,,1
category_formation,baseline_then_novel,1466,W2_0084,novelty,0.5024300217628479,,,,1
category_formation,baseline_then_novel,1474,W2_0085,readiness,0.524944007396698,,,,1
category_formation,baseline_then_novel,1482,W4_0086,novelty,0.5157265067100525,,,,1
category_formation,baseline_then_novel,1529,W2_0087,familiarity,0.6885316967964172,recognition,0.6880534887313843,0.000478208065032959,2
category_formation,baseline_then_novel,1557,W4_0088,recognition,0.669426679611206,,,,1
category_formation,baseline_then_novel,1569,W2_0089,recognition,0.453939139842987,,,,1
category_formation,baseline_then_novel,1597,W2_0090,familiarity,0.5718319416046143,recognition,0.564926028251648,0.006905913352966309,2
category_formation,baseline_then_novel,1633,W7_0091,familiarity,0.6275253891944885,,,,1
category_formation,baseline_then_novel,1671,W2_0092,recognition,0.6162999868392944,,,,1
category_formation,baseline_then_novel,1689,W5_0093,recognition,0.5664947032928467,,,,1
category_formation,baseline_then_novel,1698,W2_0094,novelty,0.5011194348335266,,,,1
category_formation,baseline_then_novel,1725,W2_0095,recognition,0.6481749415397644,familiarity,0.6470288634300232,0.001146078109741211,2
category_formation,baseline_then_novel,1734,W5_0096,readiness,0.4745222926139831,,,,1
category_formation,baseline_then_novel,1743,W2_0097,readiness,0.5134867429733276,,,,1
category_formation,facts_then_questions,668,W2_0001,familiarity,0.6995236277580261,,,,1
category_formation,facts_then_questions,1122,W2_0002,familiarity,0.6784764528274536,,,,1
category_formation,facts_then_questions,1144,W2_0003,repair,0.5888129472732544,,,,1
category_formation,facts_then_questions,1259,W5_0004,familiarity,0.6148284673690796,,,,1
category_formation,facts_then_questions,1350,W1_0005,familiarity,0.6390767097473145,,,,1
category_formation,facts_then_questions,1753,W1_0006,familiarity,0.641139030456543,,,,1
category_formation,multilingual_random,28,W6_0001,repair,0.4811518788337707,,,,1
category_formation,multilingual_random,38,W2_0002,readiness,0.5985053777694702,,,,1
category_formation,multilingual_random,138,W7_0003,familiarity,0.8187171220779419,,,,1
category_formation,multilingual_random,196,W2_0004,familiarity,0.6261802911758423,,,,1
category_formation,multilingual_random,211,W3_0005,readiness,0.4834338426589966,,,,1
category_formation,multilingual_random,220,W5_0006,readiness,0.5571964383125305,,,,1
category_formation,multilingual_random,278,W3_0007,familiarity,0.7119145393371582,,,,1
category_formation,multilingual_random,286,W3_0008,readiness,0.5239502787590027,,,,1
category_formation,multilingual_random,331,W2_0009,familiarity,0.6631101369857788,,,,1
category_formation,multilingual_random,341,W3_0010,readiness,0.553458034992218,,,,1
category_formation,multilingual_random,437,W3_0011,familiarity,0.752744197845459,,,,1
category_formation,multilingual_random,445,W7_0012,readiness,0.5103999376296997,,,,1
category_formation,multilingual_random,470,W3_0013,repair,0.4986886382102966,,,,1
category_formation,multilingual_random,481,W3_0014,connection,0.5010033845901489,readiness,0.4946162104606628,0.0063871741294861395,2
category_formation,multilingual_random,497,W1_0015,readiness,0.4737944602966308,,,,1
category_formation,multilingual_random,552,W2_0016,familiarity,0.6663206219673157,,,,1
category_formation,multilingual_random,564,W6_0017,restraint,0.5631576180458069,,,,1
category_formation,multilingual_random,671,W3_0018,familiarity,0.7382545471191406,,,,1
category_formation,multilingual_random,716,W3_0019,familiarity,0.6783803105354309,,,,1
category_formation,multilingual_random,730,W3_0020,recognition,0.410178542137146,,,,1
category_formation,multilingual_random,743,W3_0021,readiness,0.4474566578865051,,,,1
category_formation,multilingual_random,760,W5_0022,readiness,0.5351076722145081,,,,1
category_formation,multilingual_random,770,W3_0023,separation,0.5309029817581177,,,,1
category_formation,multilingual_random,786,W2_0024,readiness,0.5410794615745544,,,,1
category_formation,multilingual_random,816,W3_0025,familiarity,0.5768768787384033,,,,1
category_formation,multilingual_random,841,W1_0026,familiarity,0.6806007623672485,,,,1
category_formation,multilingual_random,987,W3_0027,familiarity,0.8244140148162842,,,,1
category_formation,multilingual_random,1002,W7_0028,readiness,0.5528420805931091,,,,1
category_formation,multilingual_random,1010,W2_0029,readiness,0.530850887298584,,,,1
category_formation,multilingual_random,1025,W1_0030,readiness,0.5831124782562256,,,,1
category_formation,multilingual_random,1044,W2_0031,readiness,0.4940452873706817,,,,1
category_formation,multilingual_random,1053,W3_0032,readiness,0.6078380942344666,,,,1
category_formation,multilingual_random,1145,W3_0033,familiarity,0.7369507551193237,,,,1
category_formation,multilingual_random,1157,W3_0034,readiness,0.5139970779418945,,,,1
category_formation,multilingual_random,1223,W3_0035,familiarity,0.6615263223648071,,,,1
category_formation,multilingual_random,1243,W3_0036,recognition,0.5412386655807495,,,,1
category_formation,multilingual_random,1269,W2_0037,readiness,0.5931410193443298,,,,1
category_formation,multilingual_random,1295,W5_0038,familiarity,0.6246179342269897,,,,1
category_formation,multilingual_random,1330,W1_0039,familiarity,0.7108758687973022,recognition,0.7087571620941162,0.002118706703186035,2
category_formation,multilingual_random,1369,W3_0040,familiarity,0.6480199098587036,,,,1
category_formation,multilingual_random,1458,W3_0041,familiarity,0.8409189581871033,,,,1
category_formation,multilingual_random,1555,W3_0042,familiarity,0.8031073808670044,,,,1
category_formation,multilingual_random,1589,W0_0043,recognition,0.6254985928535461,,,,1
category_formation,multilingual_random,1598,W2_0044,connection,0.5942362546920776,,,,1
category_formation,multilingual_random,1624,W2_0045,recognition,0.7630085945129395,,,,1
category_formation,multilingual_random,1642,W0_0046,recognition,0.6013798713684082,,,,1
category_formation,multilingual_random,1651,W2_0047,readiness,0.613614022731781,,,,1
category_formation,multilingual_random,1665,W6_0048,recognition,0.5650399923324585,,,,1
category_formation,multilingual_random,1676,W4_0049,readiness,0.6164304614067078,,,,1
category_formation,multilingual_random,1770,W1_0050,familiarity,0.7794227600097656,,,,1
category_formation,no_baseline_test,49,W4_0001,recognition,0.5893080830574036,,,,1
category_formation,no_baseline_test,134,W5_0002,familiarity,0.7602462768554688,,,,1
category_formation,no_baseline_test,166,W2_0003,comparison,0.5625168085098267,,,,1
category_formation,no_baseline_test,179,W3_0004,restraint,0.4864639639854431,,,,1
category_formation,no_baseline_test,212,W4_0005,familiarity,0.7115054130554199,,,,1
category_formation,no_baseline_test,259,W1_0006,familiarity,0.6493886709213257,,,,1
category_formation,no_baseline_test,274,W1_0007,comparison,0.5417281985282898,,,,1
category_formation,no_baseline_test,297,W5_0008,recognition,0.5434189438819885,,,,1
category_formation,no_baseline_test,357,W2_0009,familiarity,0.7358328104019165,,,,1
category_formation,no_baseline_test,369,W3_0010,readiness,0.5203922986984253,,,,1
category_formation,no_baseline_test,379,W2_0011,readiness,0.6785399913787842,,,,1
category_formation,no_baseline_test,387,W2_0012,comparison,0.6145736575126648,,,,1
category_formation,no_baseline_test,403,W4_0013,restraint,0.4684921205043793,rejection,0.458850622177124,0.009641498327255249,2
category_formation,no_baseline_test,411,W5_0014,restraint,0.4287451803684234,readiness,0.4257087111473083,0.0030364692211151123,2
category_formation,no_baseline_test,419,W4_0015,recognition,0.4462736845016479,restraint,0.4302194714546203,0.016054213047027588,2
category_formation,no_baseline_test,427,W5_0016,restraint,0.6012087464332581,,,,1
category_formation,no_baseline_test,437,W1_0017,restraint,0.573596179485321,,,,1
category_formation,no_baseline_test,458,W2_0018,restraint,0.505374550819397,,,,1
category_formation,no_baseline_test,466,W5_0019,readiness,0.5374430418014526,,,,1
category_formation,no_baseline_test,475,W4_0020,novelty,0.4144886136054992,,,,1
category_formation,no_baseline_test,483,W1_0021,commitment,0.4661781191825866,,,,1
category_formation,no_baseline_test,495,W4_0022,readiness,0.458049327135086,,,,1
category_formation,no_baseline_test,566,W1_0023,familiarity,0.7819211483001709,,,,1
category_formation,no_baseline_test,608,W2_0024,recognition,0.6656836271286011,,,,1
category_formation,no_baseline_test,702,W0_0025,familiarity,0.716206967830658,,,,1
category_formation,no_baseline_test,726,W4_0026,restraint,0.501480758190155,,,,1
category_formation,no_baseline_test,785,W5_0027,familiarity,0.7663397789001465,,,,1
category_formation,no_baseline_test,803,W2_0028,recognition,0.5029962062835693,familiarity,0.4942572116851806,0.008738994598388727,2
category_formation,no_baseline_test,814,W5_0029,comparison,0.4503206014633178,,,,1
category_formation,no_baseline_test,823,W2_0030,readiness,0.4851821660995483,,,,1
category_formation,no_baseline_test,834,W4_0031,readiness,0.4513711929321289,,,,1
category_formation,no_baseline_test,857,W2_0032,recognition,0.5365675687789917,,,,1
category_formation,no_baseline_test,867,W5_0033,readiness,0.633457362651825,,,,1
category_formation,no_baseline_test,933,W3_0034,familiarity,0.6786112785339355,,,,1
category_formation,no_baseline_test,953,W0_0035,readiness,0.5150262713432312,,,,1
category_formation,no_baseline_test,976,W1_0036,recognition,0.5779497623443604,familiarity,0.5759530663490295,0.0019966959953308105,2
category_formation,no_baseline_test,984,W1_0037,novelty,0.4877507090568542,,,,1
category_formation,no_baseline_test,1018,W2_0038,familiarity,0.5608404874801636,recognition,0.5584840178489685,0.0023564696311950684,2
category_formation,no_baseline_test,1026,W1_0039,commitment,0.6208727955818176,,,,1
category_formation,no_baseline_test,1035,W0_0040,rejection,0.4250859916210174,readiness,0.4126358032226562,0.012450188398361206,2
category_formation,no_baseline_test,1051,W5_0041,commitment,0.4542746543884277,,,,1
category_formation,no_baseline_test,1062,W5_0042,readiness,0.4636413753032684,,,,1
category_formation,no_baseline_test,1089,W2_0043,recognition,0.4384423196315765,restraint,0.432487279176712,0.005955040454864502,2
category_formation,no_baseline_test,1098,W5_0044,recognition,0.4744687676429748,,,,1
category_formation,no_baseline_test,1140,W4_0045,familiarity,0.6113641262054443,,,,1
category_formation,no_baseline_test,1152,W4_0046,readiness,0.5047462582588196,,,,1
category_formation,no_baseline_test,1163,W4_0047,readiness,0.467291384935379,,,,1
category_formation,no_baseline_test,1195,W5_0048,recognition,0.5467345714569092,,,,1
category_formation,no_baseline_test,1214,W1_0049,restraint,0.5195786952972412,,,,1
category_formation,no_baseline_test,1267,W4_0050,recognition,0.690953254699707,familiarity,0.6865509152412415,0.004402339458465576,2
category_formation,no_baseline_test,1279,W1_0051,familiarity,0.522611677646637,,,,1
category_formation,no_baseline_test,1297,W4_0052,familiarity,0.4837259352207184,recognition,0.4785954356193542,0.005130499601364191,2
category_formation,no_baseline_test,1307,W5_0053,recognition,0.4868471622467041,familiarity,0.4838497638702392,0.0029973983764648993,2
category_formation,no_baseline_test,1316,W5_0054,readiness,0.5750135183334351,,,,1
category_formation,no_baseline_test,1324,W4_0055,comparison,0.5327717065811157,,,,1
category_formation,no_baseline_test,1362,W4_0056,familiarity,0.5867226123809814,recognition,0.5777988433837891,0.008923768997192383,2
category_formation,no_baseline_test,1378,W4_0057,familiarity,0.4798346757888794,,,,1
category_formation,no_baseline_test,1405,W2_0058,familiarity,0.5699046850204468,,,,1
category_formation,no_baseline_test,1428,W2_0059,restraint,0.4972456097602844,,,,1
category_formation,no_baseline_test,1436,W4_0060,readiness,0.5121516585350037,,,,1
category_formation,no_baseline_test,1445,W2_0061,comparison,0.5885651111602783,,,,1
category_formation,no_baseline_test,1456,W4_0062,separation,0.5070252418518066,,,,1
category_formation,no_baseline_test,1477,W2_0063,recognition,0.5751054286956787,,,,1
category_formation,no_baseline_test,1485,W7_0064,commitment,0.6421622037887573,,,,1
category_formation,no_baseline_test,1589,W5_0065,familiarity,0.7747794389724731,,,,1
category_formation,no_baseline_test,1604,W5_0066,recognition,0.5975377559661865,,,,1
category_formation,no_baseline_test,1619,W1_0067,commitment,0.4937040507793426,,,,1
category_formation,no_baseline_test,1629,W5_0068,readiness,0.4754599928855896,,,,1
category_formation,no_baseline_test,1693,W2_0069,familiarity,0.7272174954414368,,,,1
category_formation,no_baseline_test,1744,W2_0070,familiarity,0.6222759485244751,,,,1
category_formation,no_baseline_test,1779,W5_0071,familiarity,0.6443686485290527,,,,1
cross_domain_mapping,baseline_then_novel,597,W2_0001,familiarity,0.8345348834991455,,,,1
cross_domain_mapping,baseline_then_novel,836,W2_0002,familiarity,0.8472234010696411,,,,1
cross_domain_mapping,baseline_then_novel,876,W2_0003,familiarity,0.8798723220825195,,,,1
cross_domain_mapping,baseline_then_novel,1092,W2_0004,familiarity,0.7535061240196228,,,,1
cross_domain_mapping,baseline_then_novel,1267,W2_0005,familiarity,0.778964638710022,,,,1
cross_domain_mapping,baseline_then_novel,1314,W2_0006,familiarity,0.760894775390625,,,,1
cross_domain_mapping,baseline_then_novel,1326,W2_0007,comparison,0.5237997770309448,,,,1
cross_domain_mapping,baseline_then_novel,1344,W2_0008,familiarity,0.595954954624176,,,,1
cross_domain_mapping,baseline_then_novel,1368,W2_0009,familiarity,0.6502567529678345,,,,1
cross_domain_mapping,baseline_then_novel,1422,W2_0010,familiarity,0.7835919857025146,,,,1
cross_domain_mapping,baseline_then_novel,1431,W2_0011,novelty,0.5270227193832397,,,,1
cross_domain_mapping,baseline_then_novel,1444,W2_0012,novelty,0.5504164695739746,,,,1
cross_domain_mapping,baseline_then_novel,1507,W2_0013,familiarity,0.7866213321685791,,,,1
cross_domain_mapping,baseline_then_novel,1517,W2_0014,novelty,0.5212415456771851,,,,1
cross_domain_mapping,baseline_then_novel,1543,W2_0015,familiarity,0.6585798263549805,,,,1
cross_domain_mapping,baseline_then_novel,1672,W1_0016,familiarity,0.7592830657958984,,,,1
cross_domain_mapping,baseline_then_novel,1682,W2_0017,novelty,0.6038903594017029,,,,1
cross_domain_mapping,baseline_then_novel,1705,W2_0018,familiarity,0.6006575226783752,,,,1
cross_domain_mapping,baseline_then_novel,1724,W2_0019,familiarity,0.6336677074432373,,,,1
cross_domain_mapping,baseline_then_novel,1759,W2_0020,familiarity,0.6772973537445068,,,,1
cross_domain_mapping,baseline_then_novel,1778,W2_0021,familiarity,0.5507391691207886,,,,1
cross_domain_mapping,baseline_then_novel,1794,W2_0022,recognition,0.5512352585792542,familiarity,0.5505415201187134,0.0006937384605407715,2
cross_domain_mapping,facts_then_questions,229,W2_0001,familiarity,0.8429499864578247,,,,1
cross_domain_mapping,facts_then_questions,503,W2_0002,familiarity,0.8501960039138794,,,,1
cross_domain_mapping,facts_then_questions,1044,W2_0003,familiarity,0.5764470100402832,,,,1
cross_domain_mapping,facts_then_questions,1052,W0_0004,readiness,0.6508300304412842,,,,1
cross_domain_mapping,facts_then_questions,1066,W2_0005,readiness,0.5563225150108337,,,,1
cross_domain_mapping,facts_then_questions,1107,W0_0006,familiarity,0.5384927988052368,,,,1
cross_domain_mapping,facts_then_questions,1124,W2_0007,readiness,0.5842661261558533,,,,1
cross_domain_mapping,facts_then_questions,1177,W3_0008,familiarity,0.709453821182251,,,,1
cross_domain_mapping,facts_then_questions,1186,W5_0009,readiness,0.6708957552909851,,,,1
cross_domain_mapping,facts_then_questions,1194,W2_0010,readiness,0.5907884240150452,,,,1
cross_domain_mapping,facts_then_questions,1293,W2_0011,familiarity,0.6887978315353394,,,,1
cross_domain_mapping,facts_then_questions,1351,W2_0012,familiarity,0.717758297920227,,,,1
cross_domain_mapping,facts_then_questions,1372,W2_0013,readiness,0.5539544820785522,,,,1
cross_domain_mapping,facts_then_questions,1396,W2_0014,repair,0.5093864798545837,,,,1
cross_domain_mapping,facts_then_questions,1415,W2_0015,readiness,0.6185368895530701,,,,1
cross_domain_mapping,facts_then_questions,1462,W2_0016,familiarity,0.7417021989822388,,,,1
cross_domain_mapping,facts_then_questions,1471,W2_0017,repair,0.5963301658630371,,,,1
cross_domain_mapping,facts_then_questions,1566,W0_0018,familiarity,0.7071326375007629,,,,1
cross_domain_mapping,facts_then_questions,1581,W2_0019,readiness,0.6246528029441833,,,,1
cross_domain_mapping,facts_then_questions,1604,W2_0020,repair,0.5438969135284424,,,,1
cross_domain_mapping,facts_then_questions,1621,W4_0021,readiness,0.5622308850288391,,,,1
cross_domain_mapping,facts_then_questions,1629,W5_0022,readiness,0.5607625842094421,,,,1
cross_domain_mapping,facts_then_questions,1646,W5_0023,readiness,0.6049118638038635,,,,1
cross_domain_mapping,facts_then_questions,1708,W4_0024,familiarity,0.6410000920295715,,,,1
cross_domain_mapping,facts_then_questions,1733,W5_0025,readiness,0.542450487613678,,,,1
cross_domain_mapping,facts_then_questions,1747,W5_0026,repair,0.5443105101585388,,,,1
cross_domain_mapping,multilingual_random,2,W5_0001,connection,0.6494996547698975,,,,1
cross_domain_mapping,multilingual_random,10,W7_0002,connection,0.5212974548339844,,,,1
cross_domain_mapping,multilingual_random,173,W4_0003,familiarity,0.7305206060409546,,,,1
cross_domain_mapping,multilingual_random,233,W2_0004,familiarity,0.6397649049758911,,,,1
cross_domain_mapping,multilingual_random,294,W2_0005,familiarity,0.575803279876709,,,,1
cross_domain_mapping,multilingual_random,305,W7_0006,restraint,0.5636952519416809,,,,1
cross_domain_mapping,multilingual_random,378,W2_0007,familiarity,0.6604752540588379,,,,1
cross_domain_mapping,multilingual_random,403,W2_0008,restraint,0.5899614691734314,,,,1
cross_domain_mapping,multilingual_random,485,W2_0009,familiarity,0.6379894018173218,recognition,0.6363910436630249,0.001598358154296875,2
cross_domain_mapping,multilingual_random,497,W3_0010,hesitation,0.5349094271659851,restraint,0.5253956317901611,0.009513795375823975,2
cross_domain_mapping,multilingual_random,650,W7_0011,familiarity,0.7537477016448975,,,,1
cross_domain_mapping,multilingual_random,659,W7_0012,readiness,0.5135058164596558,,,,1
cross_domain_mapping,multilingual_random,819,W2_0013,familiarity,0.8663656711578369,,,,1
cross_domain_mapping,multilingual_random,839,W2_0014,recognition,0.5490747690200806,,,,1
cross_domain_mapping,multilingual_random,850,W4_0015,readiness,0.6612974405288696,,,,1
cross_domain_mapping,multilingual_random,889,W4_0016,restraint,0.5838020443916321,,,,1
cross_domain_mapping,multilingual_random,902,W3_0017,restraint,0.7173417806625366,,,,1
cross_domain_mapping,multilingual_random,937,W7_0018,familiarity,0.5554898977279663,,,,1
cross_domain_mapping,multilingual_random,1205,W2_0019,familiarity,0.8286104798316956,,,,1
cross_domain_mapping,multilingual_random,1249,W7_0020,familiarity,0.7130144834518433,recognition,0.710493803024292,0.0025206804275512695,2
cross_domain_mapping,multilingual_random,1317,W7_0021,familiarity,0.7525840997695923,,,,1
cross_domain_mapping,multilingual_random,1332,W7_0022,comparison,0.4784251451492309,restraint,0.470266580581665,0.008158564567565918,2
cross_domain_mapping,multilingual_random,1340,W3_0023,hesitation,0.5144137144088745,,,,1
cross_domain_mapping,multilingual_random,1412,W7_0024,familiarity,0.7937006950378418,,,,1
cross_domain_mapping,multilingual_random,1546,W4_0025,familiarity,0.7379741668701172,,,,1
cross_domain_mapping,multilingual_random,1554,W2_0026,readiness,0.6547904014587402,,,,1
cross_domain_mapping,multilingual_random,1567,W7_0027,restraint,0.6541651487350464,,,,1
cross_domain_mapping,multilingual_random,1576,W2_0028,hesitation,0.5707091093063354,restraint,0.5665674209594727,0.004141688346862793,2
cross_domain_mapping,multilingual_random,1623,W7_0029,familiarity,0.7367650270462036,,,,1
cross_domain_mapping,multilingual_random,1641,W7_0030,restraint,0.552212655544281,,,,1
cross_domain_mapping,multilingual_random,1698,W4_0031,familiarity,0.635991096496582,,,,1
cross_domain_mapping,multilingual_random,1707,W2_0032,restraint,0.6648759245872498,,,,1
cross_domain_mapping,multilingual_random,1719,W4_0033,readiness,0.5701066255569458,,,,1
cross_domain_mapping,no_baseline_test,78,W2_0001,familiarity,0.7879329919815063,,,,1
cross_domain_mapping,no_baseline_test,89,W1_0002,comparison,0.5356987714767456,,,,1
cross_domain_mapping,no_baseline_test,106,W2_0003,readiness,0.5124852657318115,,,,1
cross_domain_mapping,no_baseline_test,177,W2_0004,familiarity,0.8001466393470764,,,,1
cross_domain_mapping,no_baseline_test,540,W2_0005,familiarity,0.8475520014762878,,,,1
cross_domain_mapping,no_baseline_test,579,W2_0006,familiarity,0.6456663608551025,,,,1
cross_domain_mapping,no_baseline_test,691,W2_0007,familiarity,0.7985602617263794,,,,1
cross_domain_mapping,no_baseline_test,772,W2_0008,familiarity,0.8639841079711914,,,,1
cross_domain_mapping,no_baseline_test,862,W2_0009,familiarity,0.8002488017082214,,,,1
cross_domain_mapping,no_baseline_test,890,W2_0010,familiarity,0.5971971750259399,,,,1
cross_domain_mapping,no_baseline_test,1010,W2_0011,familiarity,0.8871825933456421,,,,1
cross_domain_mapping,no_baseline_test,1112,W2_0012,familiarity,0.8082507848739624,,,,1
cross_domain_mapping,no_baseline_test,1162,W2_0013,familiarity,0.7682607769966125,,,,1
cross_domain_mapping,no_baseline_test,1177,W0_0014,restraint,0.5114970207214355,,,,1
cross_domain_mapping,no_baseline_test,1324,W2_0015,familiarity,0.8418118953704834,,,,1
cross_domain_mapping,no_baseline_test,1344,W2_0016,familiarity,0.5449706315994263,recognition,0.5404834151268005,0.004487216472625732,2
cross_domain_mapping,no_baseline_test,1514,W2_0017,familiarity,0.823894739151001,,,,1
cross_domain_mapping,no_baseline_test,1719,W2_0018,familiarity,0.8728856444358826,,,,1
hierarchy_ordering,baseline_then_novel,9,W7_0001,recognition,0.5061661005020142,,,,1
hierarchy_ordering,baseline_then_novel,77,W5_0002,familiarity,0.7312864065170288,,,,1
hierarchy_ordering,baseline_then_novel,112,W0_0003,familiarity,0.7849117517471313,recognition,0.7812120914459229,0.003699660301208496,2
hierarchy_ordering,facts_then_questions,0,W4_0001,confirmation,0.6940741539001465,,,,1
hierarchy_ordering,facts_then_questions,106,W0_0002,familiarity,0.894537091255188,,,,1
hierarchy_ordering,facts_then_questions,332,W2_0003,familiarity,0.9130344986915588,,,,1
hierarchy_ordering,facts_then_questions,557,W2_0004,familiarity,0.9229555130004884,,,,1
hierarchy_ordering,facts_then_questions,788,W2_0005,familiarity,0.8703799247741699,,,,1
hierarchy_ordering,facts_then_questions,966,W2_0006,familiarity,0.8662087321281433,,,,1
hierarchy_ordering,facts_then_questions,1180,W2_0007,familiarity,0.6515530347824097,,,,1
hierarchy_ordering,facts_then_questions,1254,W2_0008,familiarity,0.6348001956939697,,,,1
hierarchy_ordering,facts_then_questions,1262,W1_0009,readiness,0.5456620454788208,,,,1
hierarchy_ordering,facts_then_questions,1320,W2_0010,familiarity,0.5947898626327515,,,,1
hierarchy_ordering,facts_then_questions,1496,W2_0011,familiarity,0.7477898597717285,,,,1
hierarchy_ordering,facts_then_questions,1612,W2_0012,familiarity,0.6917717456817627,,,,1
hierarchy_ordering,facts_then_questions,1633,W2_0013,readiness,0.5283300876617432,,,,1
hierarchy_ordering,facts_then_questions,1645,W2_0014,repair,0.5602837800979614,,,,1
hierarchy_ordering,facts_then_questions,1714,W1_0015,familiarity,0.7213811278343201,,,,1
hierarchy_ordering,multilingual_random,3,W3_0001,restraint,0.5808447599411011,,,,1
hierarchy_ordering,multilingual_random,47,W5_0002,familiarity,0.6299606561660767,,,,1
hierarchy_ordering,multilingual_random,136,W3_0003,familiarity,0.8117965459823608,,,,1
hierarchy_ordering,multilingual_random,191,W4_0004,familiarity,0.6685249209403992,,,,1
hierarchy_ordering,multilingual_random,204,W6_0005,readiness,0.5230036377906799,,,,1
hierarchy_ordering,multilingual_random,212,W4_0006,commitment,0.4363853931427002,,,,1
hierarchy_ordering,multilingual_random,220,W2_0007,readiness,0.5857441425323486,,,,1
hierarchy_ordering,multilingual_random,266,W4_0008,recognition,0.6854777932167053,,,,1
hierarchy_ordering,multilingual_random,293,W2_0009,readiness,0.491538941860199,,,,1
hierarchy_ordering,multilingual_random,304,W3_0010,readiness,0.5655117034912109,,,,1
hierarchy_ordering,multilingual_random,416,W4_0011,familiarity,0.6595909595489502,,,,1
hierarchy_ordering,multilingual_random,443,W2_0012,familiarity,0.6274851560592651,recognition,0.6242391467094421,0.003246009349822998,2
hierarchy_ordering,multilingual_random,451,W6_0013,commitment,0.6458157300949097,,,,1
hierarchy_ordering,multilingual_random,474,W1_0014,separation,0.5560354590415955,,,,1
hierarchy_ordering,multilingual_random,485,W6_0015,separation,0.5554202795028687,,,,1
hierarchy_ordering,multilingual_random,505,W2_0016,repair,0.4491088390350342,,,,1
hierarchy_ordering,multilingual_random,586,W1_0017,familiarity,0.759765625,,,,1
hierarchy_ordering,multilingual_random,596,W2_0018,readiness,0.5352350473403931,,,,1
hierarchy_ordering,multilingual_random,604,W6_0019,restraint,0.4720744490623474,,,,1
hierarchy_ordering,multilingual_random,618,W2_0020,recognition,0.482340931892395,,,,1
hierarchy_ordering,multilingual_random,748,W2_0021,familiarity,0.6918761730194092,,,,1
hierarchy_ordering,multilingual_random,771,W6_0022,commitment,0.5593932867050171,,,,1
hierarchy_ordering,multilingual_random,792,W2_0023,commitment,0.4832136929035187,,,,1
hierarchy_ordering,multilingual_random,830,W2_0024,familiarity,0.5931132435798645,,,,1
hierarchy_ordering,multilingual_random,876,W2_0025,separation,0.5771356821060181,,,,1
hierarchy_ordering,multilingual_random,884,W1_0026,commitment,0.5018758773803711,,,,1
hierarchy_ordering,multilingual_random,939,W1_0027,familiarity,0.6708353757858276,,,,1
hierarchy_ordering,multilingual_random,971,W2_0028,recognition,0.5140659213066101,familiarity,0.5116878747940063,0.0023780465126037598,2
hierarchy_ordering,multilingual_random,994,W1_0029,readiness,0.5180444121360779,,,,1
hierarchy_ordering,multilingual_random,1099,W2_0030,familiarity,0.7603957653045654,,,,1
hierarchy_ordering,multilingual_random,1110,W3_0031,readiness,0.5490736961364746,,,,1
hierarchy_ordering,multilingual_random,1118,W2_0032,separation,0.5112937688827515,readiness,0.5105977654457092,0.0006960034370422363,2
hierarchy_ordering,multilingual_random,1244,W1_0033,familiarity,0.7608414888381958,,,,1
hierarchy_ordering,multilingual_random,1261,W4_0034,readiness,0.5074899792671204,,,,1
hierarchy_ordering,multilingual_random,1310,W6_0035,readiness,0.4923549890518188,,,,1
hierarchy_ordering,multilingual_random,1319,W6_0036,repair,0.6337994337081909,,,,1
hierarchy_ordering,multilingual_random,1348,W6_0037,recognition,0.548281192779541,,,,1
hierarchy_ordering,multilingual_random,1356,W4_0038,repair,0.5615386366844177,,,,1
hierarchy_ordering,multilingual_random,1364,W6_0039,commitment,0.5385468602180481,,,,1
hierarchy_ordering,multilingual_random,1397,W6_0040,repair,0.5362195372581482,,,,1
hierarchy_ordering,multilingual_random,1406,W5_0041,readiness,0.5978885293006897,,,,1
hierarchy_ordering,multilingual_random,1414,W4_0042,commitment,0.5378378629684448,,,,1
hierarchy_ordering,multilingual_random,1422,W2_0043,readiness,0.5420129299163818,,,,1
hierarchy_ordering,multilingual_random,1430,W1_0044,readiness,0.5604042410850525,,,,1
hierarchy_ordering,multilingual_random,1457,W2_0045,recognition,0.457529753446579,readiness,0.455361008644104,0.0021687448024749756,3
hierarchy_ordering,multilingual_random,1478,W6_0046,recognition,0.6022094488143921,familiarity,0.5934445858001709,0.008764863014221191,2
hierarchy_ordering,multilingual_random,1487,W6_0047,repair,0.6038714051246643,,,,1
hierarchy_ordering,multilingual_random,1495,W1_0048,commitment,0.6817519664764404,,,,1
hierarchy_ordering,multilingual_random,1504,W2_0049,commitment,0.5142507553100586,,,,1
hierarchy_ordering,multilingual_random,1520,W1_0050,commitment,0.5052905678749084,,,,1
hierarchy_ordering,multilingual_random,1530,W1_0051,commitment,0.5033257007598877,,,,1
hierarchy_ordering,multilingual_random,1551,W5_0052,commitment,0.6149293780326843,,,,1
hierarchy_ordering,multilingual_random,1561,W4_0053,readiness,0.5412477850914001,,,,1
hierarchy_ordering,multilingual_random,1571,W6_0054,readiness,0.5417084693908691,,,,1
hierarchy_ordering,multilingual_random,1648,W2_0055,familiarity,0.6401376724243164,,,,1
hierarchy_ordering,multilingual_random,1656,W5_0056,commitment,0.622972309589386,,,,1
hierarchy_ordering,multilingual_random,1666,W1_0057,separation,0.5124941468238831,,,,1
hierarchy_ordering,multilingual_random,1675,W2_0058,readiness,0.5699478387832642,,,,1
hierarchy_ordering,multilingual_random,1684,W4_0059,commitment,0.5460674166679382,,,,1
hierarchy_ordering,multilingual_random,1704,W5_0060,readiness,0.5299674868583679,,,,1
hierarchy_ordering,multilingual_random,1732,W6_0061,commitment,0.5556063055992126,,,,1
hierarchy_ordering,multilingual_random,1740,W4_0062,readiness,0.5647494196891785,commitment,0.5646984577178955,5.0961971282958984e-05,2
hierarchy_ordering,multilingual_random,1750,W2_0063,commitment,0.7649511098861694,,,,1
hierarchy_ordering,multilingual_random,1767,W6_0064,repair,0.5067217946052551,,,,1
hierarchy_ordering,multilingual_random,1788,W5_0065,readiness,0.5365287661552429,,,,1
hierarchy_ordering,multilingual_random,1798,W6_0066,readiness,0.6066550016403198,,,,1
hierarchy_ordering,no_baseline_test,226,W1_0001,familiarity,0.7563873529434204,,,,1
hierarchy_ordering,no_baseline_test,600,W7_0002,familiarity,0.8193478584289551,,,,1
missing_closure_analogy,baseline_then_novel,1050,W0_0001,familiarity,0.6918213367462158,,,,1
missing_closure_analogy,baseline_then_novel,1074,W0_0002,familiarity,0.5931752324104309,,,,1
missing_closure_analogy,baseline_then_novel,1082,W2_0003,readiness,0.4848333597183227,,,,1
missing_closure_analogy,baseline_then_novel,1098,W0_0004,recognition,0.5390026569366455,familiarity,0.5331565737724304,0.005846083164215088,2
missing_closure_analogy,baseline_then_novel,1106,W2_0005,readiness,0.5294865369796753,,,,1
missing_closure_analogy,baseline_then_novel,1123,W2_0006,familiarity,0.5093135833740234,recognition,0.502198338508606,0.0071152448654174805,2
missing_closure_analogy,baseline_then_novel,1158,W7_0007,familiarity,0.6264931559562683,,,,1
missing_closure_analogy,baseline_then_novel,1171,W2_0008,novelty,0.4683148860931396,comparison,0.460814893245697,0.0074999928474425714,2
missing_closure_analogy,baseline_then_novel,1206,W0_0009,familiarity,0.6066117286682129,,,,1
missing_closure_analogy,baseline_then_novel,1251,W0_0010,familiarity,0.697168231010437,,,,1
missing_closure_analogy,baseline_then_novel,1267,W2_0011,recognition,0.5194040536880493,familiarity,0.5179697275161743,0.001434326171875,2
missing_closure_analogy,baseline_then_novel,1280,W0_0012,comparison,0.4839453101158142,,,,1
missing_closure_analogy,baseline_then_novel,1307,W2_0013,familiarity,0.5409970879554749,,,,1
missing_closure_analogy,baseline_then_novel,1333,W0_0014,familiarity,0.5519446134567261,recognition,0.5470736622810364,0.004870951175689697,2
missing_closure_analogy,baseline_then_novel,1355,W0_0015,comparison,0.4828997552394867,,,,1
missing_closure_analogy,baseline_then_novel,1489,W0_0016,familiarity,0.7179089784622192,,,,1
missing_closure_analogy,baseline_then_novel,1539,W0_0017,familiarity,0.7381513118743896,,,,1
missing_closure_analogy,baseline_then_novel,1595,W0_0018,familiarity,0.7388108372688293,,,,1
missing_closure_analogy,baseline_then_novel,1612,W0_0019,comparison,0.5112545490264893,,,,1
missing_closure_analogy,baseline_then_novel,1627,W0_0020,novelty,0.4774050414562225,,,,1
missing_closure_analogy,baseline_then_novel,1678,W0_0021,familiarity,0.6685060262680054,,,,1
missing_closure_analogy,baseline_then_novel,1707,W2_0022,familiarity,0.5358007550239563,recognition,0.5312657356262207,0.004535019397735596,2
missing_closure_analogy,baseline_then_novel,1772,W2_0023,familiarity,0.6735923886299133,,,,1
missing_closure_analogy,facts_then_questions,56,W1_0001,familiarity,0.7759057879447937,,,,1
missing_closure_analogy,facts_then_questions,73,W7_0002,recognition,0.7075814008712769,,,,1
missing_closure_analogy,facts_then_questions,101,W7_0003,recognition,0.6339824199676514,,,,1
missing_closure_analogy,facts_then_questions,136,W2_0004,familiarity,0.6534915566444397,,,,1
missing_closure_analogy,facts_then_questions,227,W1_0005,familiarity,0.8575449585914612,,,,1
missing_closure_analogy,facts_then_questions,431,W5_0006,familiarity,0.9108837842941284,,,,1
missing_closure_analogy,facts_then_questions,493,W1_0007,familiarity,0.7212954163551331,,,,1
missing_closure_analogy,facts_then_questions,653,W3_0008,familiarity,0.8050932884216309,,,,1
missing_closure_analogy,facts_then_questions,663,W1_0009,connection,0.5316763520240784,,,,1
missing_closure_analogy,facts_then_questions,725,W2_0010,familiarity,0.8359943628311157,,,,1
missing_closure_analogy,facts_then_questions,884,W1_0011,familiarity,0.8518033623695374,,,,1
missing_closure_analogy,facts_then_questions,895,W1_0012,readiness,0.5788490772247314,,,,1
missing_closure_analogy,facts_then_questions,1157,W1_0013,familiarity,0.6952955722808838,,,,1
missing_closure_analogy,facts_then_questions,1166,W6_0014,readiness,0.5860095024108887,,,,1
missing_closure_analogy,facts_then_questions,1174,W0_0015,readiness,0.6386556625366211,,,,1
missing_closure_analogy,facts_then_questions,1360,W6_0016,familiarity,0.6833101511001587,,,,1
missing_closure_analogy,facts_then_questions,1389,W2_0017,familiarity,0.5585408210754395,,,,1
missing_closure_analogy,facts_then_questions,1631,W2_0018,familiarity,0.7589550614356995,,,,1
missing_closure_analogy,facts_then_questions,1639,W7_0019,recognition,0.5515375733375549,,,,1
missing_closure_analogy,multilingual_random,42,W0_0001,familiarity,0.5086469054222107,,,,1
missing_closure_analogy,multilingual_random,70,W7_0002,restraint,0.549525797367096,,,,1
missing_closure_analogy,multilingual_random,153,W5_0003,familiarity,0.6422692537307739,,,,1
missing_closure_analogy,multilingual_random,171,W2_0004,comparison,0.534136176109314,,,,1
missing_closure_analogy,multilingual_random,179,W5_0005,commitment,0.5503332614898682,readiness,0.546971321105957,0.003361940383911133,2
missing_closure_analogy,multilingual_random,190,W2_0006,readiness,0.5321353077888489,,,,1
missing_closure_analogy,multilingual_random,205,W0_0007,readiness,0.6287242770195007,,,,1
missing_closure_analogy,multilingual_random,214,W0_0008,readiness,0.634174644947052,,,,1
missing_closure_analogy,multilingual_random,224,W2_0009,readiness,0.6313203573226929,,,,1
missing_closure_analogy,multilingual_random,237,W2_0010,comparison,0.5494587421417236,,,,1
missing_closure_analogy,multilingual_random,245,W1_0011,readiness,0.5972563028335571,,,,1
missing_closure_analogy,multilingual_random,254,W0_0012,readiness,0.6463303565979004,,,,1
missing_closure_analogy,multilingual_random,263,W2_0013,readiness,0.6079140305519104,,,,1
missing_closure_analogy,multilingual_random,272,W2_0014,readiness,0.573367714881897,,,,1
missing_closure_analogy,multilingual_random,323,W2_0015,familiarity,0.5858510732650757,,,,1
missing_closure_analogy,multilingual_random,331,W0_0016,commitment,0.7125449776649475,,,,1
missing_closure_analogy,multilingual_random,356,W2_0017,commitment,0.555876612663269,,,,1
missing_closure_analogy,multilingual_random,369,W0_0018,readiness,0.5367304682731628,,,,1
missing_closure_analogy,multilingual_random,403,W2_0019,readiness,0.5758760571479797,,,,1
missing_closure_analogy,multilingual_random,417,W2_0020,readiness,0.6550080180168152,,,,1
missing_closure_analogy,multilingual_random,425,W5_0021,readiness,0.6575180292129517,,,,1
missing_closure_analogy,multilingual_random,492,W2_0022,familiarity,0.6427079439163208,,,,1
missing_closure_analogy,multilingual_random,541,W2_0023,familiarity,0.496469497680664,,,,1
missing_closure_analogy,multilingual_random,577,W0_0024,commitment,0.4940927922725677,,,,1
missing_closure_analogy,multilingual_random,588,W2_0025,readiness,0.5276428461074829,,,,1
missing_closure_analogy,multilingual_random,599,W0_0026,readiness,0.5701572895050049,,,,1
missing_closure_analogy,multilingual_random,608,W2_0027,readiness,0.5985012650489807,,,,1
missing_closure_analogy,multilingual_random,627,W2_0028,readiness,0.565584659576416,,,,1
missing_closure_analogy,multilingual_random,635,W5_0029,readiness,0.6867698431015015,,,,1
missing_closure_analogy,multilingual_random,669,W2_0030,recognition,0.5227609276771545,,,,1
missing_closure_analogy,multilingual_random,677,W0_0031,commitment,0.5035684108734131,,,,1
missing_closure_analogy,multilingual_random,687,W2_0032,readiness,0.5266503691673279,,,,1
missing_closure_analogy,multilingual_random,698,W0_0033,readiness,0.6732882857322693,,,,1
missing_closure_analogy,multilingual_random,706,W2_0034,readiness,0.6175774931907654,,,,1
missing_closure_analogy,multilingual_random,714,W0_0035,readiness,0.5346086621284485,,,,1
missing_closure_analogy,multilingual_random,744,W2_0036,readiness,0.531395673751831,,,,1
missing_closure_analogy,multilingual_random,754,W0_0037,readiness,0.6047089695930481,,,,1
missing_closure_analogy,multilingual_random,764,W1_0038,readiness,0.6314262747764587,,,,1
missing_closure_analogy,multilingual_random,777,W1_0039,readiness,0.6580711007118225,,,,1
missing_closure_analogy,multilingual_random,797,W5_0040,commitment,0.4901657700538635,,,,1
missing_closure_analogy,multilingual_random,805,W2_0041,readiness,0.6075260043144226,,,,1
missing_closure_analogy,multilingual_random,824,W0_0042,readiness,0.618386447429657,,,,1
missing_closure_analogy,multilingual_random,833,W2_0043,comparison,0.5757956504821777,,,,1
missing_closure_analogy,multilingual_random,841,W0_0044,readiness,0.6686263680458069,,,,1
missing_closure_analogy,multilingual_random,854,W2_0045,readiness,0.6333473324775696,,,,1
missing_closure_analogy,multilingual_random,906,W2_0046,recognition,0.5868536233901978,familiarity,0.5833053588867188,0.003548264503479004,2
missing_closure_analogy,multilingual_random,922,W1_0047,commitment,0.5145379900932312,,,,1
missing_closure_analogy,multilingual_random,930,W2_0048,commitment,0.5214924812316895,restraint,0.5146988034248352,0.006793677806854248,2
missing_closure_analogy,multilingual_random,940,W1_0049,readiness,0.6080944538116455,,,,1
missing_closure_analogy,multilingual_random,958,W0_0050,comparison,0.5599344372749329,,,,1
missing_closure_analogy,multilingual_random,966,W2_0051,readiness,0.6254097819328308,,,,1
missing_closure_analogy,multilingual_random,1008,W2_0052,familiarity,0.5228216648101807,,,,1
missing_closure_analogy,multilingual_random,1020,W0_0053,comparison,0.5110422968864441,,,,1
missing_closure_analogy,multilingual_random,1035,W7_0054,comparison,0.5168536901473999,,,,1
missing_closure_analogy,multilingual_random,1043,W5_0055,readiness,0.5137561559677124,comparison,0.5102287530899048,0.003527402877807617,2
missing_closure_analogy,multilingual_random,1071,W2_0056,comparison,0.5718374252319336,,,,1
missing_closure_analogy,multilingual_random,1101,W1_0057,readiness,0.49830362200737,commitment,0.49237921833992,0.005924403667450007,2
missing_closure_analogy,multilingual_random,1110,W2_0058,readiness,0.5922635197639465,,,,1
missing_closure_analogy,multilingual_random,1124,W7_0059,commitment,0.5398644804954529,,,,1
missing_closure_analogy,multilingual_random,1140,W0_0060,readiness,0.6534025073051453,,,,1
missing_closure_analogy,multilingual_random,1179,W0_0061,comparison,0.5308792591094971,,,,1
missing_closure_analogy,multilingual_random,1204,W5_0062,readiness,0.4935410022735595,,,,1
missing_closure_analogy,multilingual_random,1239,W5_0063,readiness,0.5683194994926453,,,,1
missing_closure_analogy,multilingual_random,1261,W0_0064,readiness,0.5742694735527039,,,,1
missing_closure_analogy,multilingual_random,1273,W2_0065,readiness,0.5785273313522339,,,,1
missing_closure_analogy,multilingual_random,1281,W0_0066,readiness,0.5453115105628967,,,,1
missing_closure_analogy,multilingual_random,1289,W2_0067,readiness,0.5266211032867432,comparison,0.5218644142150879,0.0047566890716552734,2
missing_closure_analogy,multilingual_random,1304,W5_0068,readiness,0.5913708209991455,,,,1
missing_closure_analogy,multilingual_random,1312,W7_0069,readiness,0.583743691444397,,,,1
missing_closure_analogy,multilingual_random,1320,W0_0070,readiness,0.5900412201881409,commitment,0.5877465009689331,0.0022947192192077637,2
missing_closure_analogy,multilingual_random,1336,W0_0071,comparison,0.5549930334091187,,,,1
missing_closure_analogy,multilingual_random,1385,W2_0072,familiarity,0.5773830413818359,,,,1
missing_closure_analogy,multilingual_random,1407,W0_0073,restraint,0.5323353409767151,,,,1
missing_closure_analogy,multilingual_random,1416,W1_0074,readiness,0.5928366184234619,,,,1
missing_closure_analogy,multilingual_random,1466,W1_0075,familiarity,0.5397453904151917,,,,1
missing_closure_analogy,multilingual_random,1474,W2_0076,readiness,0.6695303916931152,,,,1
missing_closure_analogy,multilingual_random,1482,W0_0077,readiness,0.6762646436691284,,,,1
missing_closure_analogy,multilingual_random,1497,W2_0078,comparison,0.5852887630462646,,,,1
missing_closure_analogy,multilingual_random,1524,W0_0079,comparison,0.4920630156993866,,,,1
missing_closure_analogy,multilingual_random,1532,W7_0080,commitment,0.6977661848068237,,,,1
missing_closure_analogy,multilingual_random,1541,W2_0081,readiness,0.5911824107170105,,,,1
missing_closure_analogy,multilingual_random,1581,W0_0082,familiarity,0.5477507710456848,,,,1
missing_closure_analogy,multilingual_random,1619,W0_0083,familiarity,0.6012662649154663,,,,1
missing_closure_analogy,multilingual_random,1627,W2_0084,readiness,0.5072140097618103,,,,1
missing_closure_analogy,multilingual_random,1663,W0_0085,familiarity,0.5619773864746094,,,,1
missing_closure_analogy,multilingual_random,1676,W0_0086,readiness,0.5285309553146362,commitment,0.5164798498153687,0.012051105499267578,2
missing_closure_analogy,multilingual_random,1685,W5_0087,readiness,0.6922513246536255,,,,1
missing_closure_analogy,multilingual_random,1713,W2_0088,comparison,0.5234626531600952,,,,1
missing_closure_analogy,multilingual_random,1725,W5_0089,comparison,0.4967846870422363,,,,1
missing_closure_analogy,multilingual_random,1734,W2_0090,comparison,0.5639391541481018,,,,1
missing_closure_analogy,multilingual_random,1742,W1_0091,readiness,0.5497282147407532,,,,1
missing_closure_analogy,multilingual_random,1761,W2_0092,comparison,0.6002771854400635,,,,1
missing_closure_analogy,multilingual_random,1772,W0_0093,readiness,0.5641563534736633,,,,1
missing_closure_analogy,multilingual_random,1780,W5_0094,commitment,0.6379027962684631,,,,1
missing_closure_analogy,multilingual_random,1790,W1_0095,readiness,0.5256050229072571,,,,1
missing_closure_analogy,no_baseline_test,6,W6_0001,commitment,0.6919640302658081,,,,1
missing_closure_analogy,no_baseline_test,69,W2_0002,familiarity,0.640867292881012,,,,1
missing_closure_analogy,no_baseline_test,794,W2_0003,familiarity,0.7019718885421753,,,,1
missing_closure_analogy,no_baseline_test,843,W2_0004,familiarity,0.6444066166877747,,,,1
missing_closure_analogy,no_baseline_test,986,W2_0005,familiarity,0.7470079064369202,,,,1
missing_closure_analogy,no_baseline_test,1057,W2_0006,familiarity,0.6267291307449341,,,,1
missing_closure_analogy,no_baseline_test,1156,W5_0007,familiarity,0.6631820201873779,,,,1
missing_closure_analogy,no_baseline_test,1325,W1_0008,familiarity,0.7351720929145813,,,,1
missing_closure_analogy,no_baseline_test,1542,W2_0009,familiarity,0.7390391826629639,,,,1
missing_closure_analogy,no_baseline_test,1670,W0_0010,familiarity,0.7213612794876099,,,,1
